nodes,gender,country
2290,female,USA
2346,other,Pakistan
2140,female,Italy
2201,male,Japan
2425,other,Australia
2532,male,Germany
2278,female,Mexico
2077,female,China
1465,male,New Zealand
2046,female,United Kingdom
2518,male,Japan
2650,male,Australia
2553,other,India
2203,female,Japan
2224,female,Brazil
2240,female,China
2122,male,India
1944,male,Pakistan
2078,female,China
2184,female,New Zealand
2169,male,China
2620,female,Germany
2654,other,Brazil
2228,female,Pakistan
1979,female,Brazil
2005,male,Japan
1962,female,Russia
2520,female,United Kingdom
2602,male,Italy
2233,male,India
2294,male,Brazil
1916,female,India
2510,male,Pakistan
1971,male,USA
2436,female,New Zealand
2084,male,Japan
2624,male,Brazil
2364,male,India
1981,male,Russia
2607,other,Russia
2649,female,USA
2188,other,Germany
2386,male,USA
2604,male,Brazil
2433,male,Brazil
2496,female,Brazil
2536,male,United Kingdom
2010,male,India
2103,female,China
2500,male,Indonesia
2509,female,Mexico
2150,male,Mexico
2374,other,USA
2630,other,India
2326,female,Italy
2172,male,Russia
2133,other,Australia
2626,female,Japan
2093,female,Mexico
2030,female,Brazil
2275,male,null
1984,male,India
2550,male,United Kingdom
2047,other,China
2655,female,Italy
1991,female,Pakistan
1994,female,Brazil
2109,female,null
2086,other,Mexico
2597,male,Russia
2511,female,India
2390,other,Brazil
2218,other,USA
2353,male,Russia
2194,male,Indonesia
2323,male,Italy
2410,male,Pakistan
2111,female,Pakistan
2625,male,New Zealand
1938,female,South Africa
1939,other,India
2574,female,Mexico
2419,male,China
2468,other,Pakistan
2507,other,Mexico
2420,other,China
1929,male,Italy
1925,female,United Kingdom
1940,male,Brazil
2329,male,Australia
1917,male,New Zealand
2469,male,South Africa
2611,male,Brazil
2552,other,Germany
2032,female,USA
2485,male,Indonesia
2347,other,United Kingdom
2395,other,Brazil
1989,other,Australia
2243,male,Russia
2126,female,Germany
2408,female,Brazil
2121,male,Indonesia
2453,female,United Kingdom
2633,female,United Kingdom
2526,male,Japan
1941,male,Pakistan
2543,female,Pakistan
2317,other,South Africa
2406,other,Australia
2112,female,Mexico
2135,male,Indonesia
2354,male,India
2629,female,South Africa
2212,female,Indonesia
2053,male,Mexico
2271,female,Australia
2199,male,Mexico
2018,other,India
2371,male,China
2033,female,New Zealand
2283,male,Australia
2567,female,United Kingdom
2338,female,United Kingdom
2399,male,Russia
2555,male,Mexico
2357,female,New Zealand
2372,other,Russia
2590,female,Russia
2020,male,Pakistan
2467,other,Indonesia
2254,female,Mexico
2558,other,United Kingdom
1947,female,Russia
2660,male,Indonesia
2601,female,China
2327,female,Brazil
1928,female,null
2360,female,New Zealand
2598,male,Pakistan
2095,female,null
2538,female,Indonesia
2297,male,United Kingdom
2117,other,USA
2142,other,United Kingdom
2414,male,Germany
2334,female,Japan
2397,other,Australia
2300,male,Italy
2276,other,Pakistan
2258,other,South Africa
2363,female,USA
1942,other,Russia
2059,female,China
2517,female,China
2192,female,Brazil
2090,male,USA
2127,other,Brazil
1943,male,Italy
2116,male,null
2523,female,Russia
1985,male,Australia
2279,female,Germany
2608,other,Japan
2430,other,Australia
1957,other,null
2337,other,India
2225,male,Italy
2244,female,South Africa
2564,female,Brazil
2600,female,Mexico
2229,male,Brazil
2396,other,Mexico
1952,other,Indonesia
2560,other,Pakistan
1983,other,China
2328,male,Germany
2482,other,Germany
1718,female,Italy
2101,female,New Zealand
1993,other,USA
1997,male,China
1955,female,Australia
2324,female,United Kingdom
2570,female,Mexico
2647,female,Russia
2213,female,Mexico
2464,female,null
2335,female,Russia
2592,female,Italy
2549,male,Indonesia
2131,male,Italy
2092,female,United Kingdom
2554,male,Australia
2149,male,Germany
2007,female,Italy
2445,female,New Zealand
2306,male,Russia
2118,female,Pakistan
2535,female,Germany
2064,female,Italy
2361,male,Australia
1945,male,Brazil
2376,female,Russia
2530,female,New Zealand
2542,female,New Zealand
2153,male,Pakistan
2246,other,Japan
2512,female,Australia
2289,male,South Africa
1986,male,null
2071,other,Australia
2253,male,Japan
2176,female,United Kingdom
2068,female,India
2237,other,Mexico
2583,female,Germany
1978,female,USA
2114,female,Japan
1946,male,China
2336,male,Japan
2120,male,New Zealand
1959,other,Brazil
2063,male,USA
2285,male,Japan
2261,male,Brazil
2561,female,null
2054,other,Germany
2343,male,United Kingdom
2487,female,South Africa
1988,female,China
2223,male,India
2351,male,Japan
2653,female,Germany
2451,female,India
1998,female,Russia
2102,female,null
2060,other,South Africa
2429,female,Italy
2075,male,USA
2638,female,India
2073,male,South Africa
2498,male,Australia
2206,male,South Africa
2250,other,Italy
2478,male,Italy
2533,female,Pakistan
2472,female,Russia
2409,male,New Zealand
2582,female,Indonesia
2215,female,Mexico
2197,male,India
136,female,United Kingdom
2499,male,China
1960,male,Italy
2365,female,Pakistan
2187,male,USA
2446,female,Italy
2615,female,USA
2418,female,India
2381,female,Germany
2644,female,Russia
2417,male,Pakistan
2104,female,China
2220,female,USA
2578,female,South Africa
2069,female,Indonesia
2045,male,Germany
2556,other,Russia
2191,male,China
2235,other,null
2040,male,Brazil
2340,female,Mexico
2319,female,Pakistan
1914,other,Indonesia
2163,female,United Kingdom
2495,female,United Kingdom
2434,male,Italy
2196,male,USA
2043,female,New Zealand
2052,male,India
2273,female,Japan
1972,other,Germany
2377,male,Italy
2241,female,Australia
1922,female,null
2591,male,India
2643,other,Japan
1920,male,USA
1975,male,Italy
2506,female,Russia
2057,male,null
2302,male,New Zealand
2264,male,USA
2359,female,Indonesia
2164,other,USA
2366,female,Germany
2484,male,New Zealand
2427,male,USA
1934,male,Germany
2299,male,USA
1923,female,South Africa
2575,female,Pakistan
2642,male,United Kingdom
2466,male,Pakistan
2477,male,New Zealand
2447,female,Mexico
2210,female,Mexico
2200,female,Australia
2159,male,null
2424,male,Germany
2000,female,USA
2593,male,India
2657,female,Mexico
2313,male,Brazil
2356,other,Indonesia
2108,male,Russia
1948,male,null
2460,male,USA
2123,male,United Kingdom
2189,male,New Zealand
1921,male,Japan
2072,female,USA
1953,male,Germany
2461,male,China
2465,male,Pakistan
1919,female,Japan
2026,female,China
2603,female,Brazil
2155,female,South Africa
2011,female,Japan
2639,other,Brazil
1995,female,United Kingdom
2563,male,Mexico
2208,male,Indonesia
1931,female,Mexico
2202,male,Italy
2081,male,United Kingdom
2609,male,Italy
2038,female,Brazil
1964,female,USA
2048,female,Japan
2308,other,Brazil
2331,female,India
2404,male,China
2067,female,China
2161,male,Pakistan
1954,other,Russia
2492,female,USA
2551,male,Pakistan
2185,male,Indonesia
2138,male,China
2247,male,South Africa
2339,other,United Kingdom
2028,male,Australia
2083,female,South Africa
2537,male,New Zealand
2315,other,Indonesia
2002,male,Germany
2573,female,USA
2132,other,United Kingdom
2249,female,Russia
2147,female,China
2547,female,Australia
2502,female,Russia
2491,other,Japan
2362,female,null
2293,other,Australia
1966,male,null
2504,female,China
2462,male,New Zealand
2398,female,USA
1987,male,Japan
2370,female,Mexico
2489,female,USA
2479,male,Russia
2134,female,South Africa
2115,male,New Zealand
2333,male,South Africa
2266,female,New Zealand
2174,female,Pakistan
2546,female,China
2344,other,Brazil
1577,female,Italy
2385,female,India
2257,other,Mexico
2124,male,China
2631,male,Indonesia
2613,other,Mexico
1935,male,Italy
2006,other,Brazil
2586,female,United Kingdom
2486,other,Brazil
2471,male,Germany
2369,male,United Kingdom
2407,male,South Africa
2516,male,Italy
2143,male,Australia
2037,female,Japan
2041,female,Indonesia
2617,other,Indonesia
2428,male,USA
2513,female,Germany
2623,male,China
2540,female,China
2039,male,USA
2062,other,USA
1973,male,Indonesia
2292,female,Brazil
2056,other,New Zealand
2058,female,Germany
2646,female,null
2423,male,Pakistan
2139,other,Mexico
2411,male,Russia
2476,female,Brazil
2443,other,India
2545,other,India
2314,male,Pakistan
2576,female,Indonesia
2291,male,Japan
2618,female,South Africa
2154,male,New Zealand
2021,male,Germany
2403,female,Indonesia
2310,female,Pakistan
2179,male,United Kingdom
2216,female,New Zealand
2368,female,Australia
2384,female,Mexico
1980,other,null
2444,male,China
2322,female,New Zealand
2325,other,USA
2211,male,New Zealand
2119,female,New Zealand
2232,female,Brazil
2307,female,South Africa
2539,other,Italy
2652,male,South Africa
2521,male,USA
2267,male,Pakistan
2330,male,Germany
1918,male,New Zealand
2392,male,null
2636,female,Russia
2394,female,India
2316,male,Mexico
2035,female,Mexico
2348,female,Russia
2087,male,Mexico
2146,female,Australia
2458,female,New Zealand
2221,male,Pakistan
1965,other,Germany
2074,female,USA
2637,male,Italy
2042,male,USA
1999,female,Brazil
2401,female,South Africa
2012,male,USA
2088,female,Australia
2332,female,New Zealand
2610,male,Russia
2391,female,United Kingdom
1963,male,Japan
2144,male,Pakistan
2304,female,Indonesia
2501,female,Italy
2171,male,Mexico
2559,female,United Kingdom
2259,female,Australia
2438,female,China
1926,female,USA
2180,female,Indonesia
2309,male,New Zealand
2400,male,China
2415,female,Mexico
2270,male,United Kingdom
2619,other,Japan
2282,other,New Zealand
2190,female,Japan
2209,female,Pakistan
2031,female,Australia
2298,other,India
2003,other,United Kingdom
2183,male,Japan
1990,male,China
2151,male,Germany
2544,female,Indonesia
2061,male,New Zealand
1976,female,Mexico
2566,male,Japan
2529,female,Australia
2659,female,USA
1927,other,South Africa
2055,other,Italy
2004,female,India
2350,female,United Kingdom
2198,male,Russia
2658,female,Indonesia
2268,female,India
2260,female,New Zealand
2098,female,Indonesia
2320,other,New Zealand
2318,female,India
1913,other,Brazil
2234,female,New Zealand
2137,male,Australia
2125,male,United Kingdom
1968,other,Indonesia
2594,female,Australia
2405,male,China
2402,female,China
2162,female,Italy
2352,male,India
2044,female,Russia
2148,male,Brazil
2463,female,Mexico
2379,other,null
2651,female,null
2214,other,Mexico
2412,male,Australia
2177,male,Pakistan
2049,female,Brazil
2076,male,India
2205,female,South Africa
2455,female,Russia
2648,other,Brazil
2136,male,Russia
2130,female,United Kingdom
2416,other,USA
2531,male,Mexico
2128,female,Mexico
2475,male,Pakistan
2645,female,New Zealand
2628,male,Pakistan
2587,female,Germany
2616,female,South Africa
2311,male,Japan
2239,female,Indonesia
2525,male,Brazil
2579,female,USA
2222,other,United Kingdom
2588,male,Indonesia
2621,female,United Kingdom
2091,male,Italy
2435,other,New Zealand
2378,male,United Kingdom
1958,male,USA
2256,male,Pakistan
2009,male,Brazil
2022,male,United Kingdom
2508,male,India
2557,female,Australia
2165,female,Mexico
1937,male,USA
2473,male,Japan
1970,male,South Africa
2522,female,Italy
2236,other,USA
2627,male,Russia
2528,other,South Africa
2186,female,India
2612,male,China
2448,female,New Zealand
2231,female,Germany
1932,other,Italy
2226,male,Australia
2001,male,India
2287,female,United Kingdom
1969,male,Russia
2606,male,Russia
2497,other,USA
2280,female,Russia
2017,male,United Kingdom
2585,male,null
2459,other,Germany
2156,other,Australia
2296,female,South Africa
2562,male,Brazil
2181,female,USA
2589,other,South Africa
2581,other,Russia
2019,male,USA
2284,female,Brazil
2217,female,null
2106,male,Germany
2295,female,Mexico
2440,female,India
2129,male,China
2013,male,null
2099,other,Italy
2449,male,null
2421,male,Australia
2640,other,Italy
2160,male,United Kingdom
2027,female,Germany
2145,other,null
2534,other,null
2110,male,Mexico
2474,other,Japan
2286,male,Pakistan
2393,female,Italy
2157,other,South Africa
2432,male,Brazil
2065,male,India
2490,male,Indonesia
1951,female,Indonesia
2572,other,Australia
2519,female,New Zealand
2450,female,Russia
2387,female,USA
2584,female,New Zealand
2096,male,South Africa
2248,male,South Africa
2571,other,USA
1956,other,Indonesia
2383,other,India
1982,other,Japan
2272,female,China
2281,other,India
2141,male,Russia
2514,female,Germany
2480,male,United Kingdom
1992,male,China
2622,other,United Kingdom
2524,female,India
2008,other,New Zealand
2274,female,null
2173,male,Japan
1915,male,USA
2494,male,India
2255,other,Russia
2614,male,Italy
2023,male,United Kingdom
2422,female,Pakistan
2355,male,Japan
2456,male,null
1961,other,USA
2505,male,Japan
2599,other,Italy
1977,female,Indonesia
2016,male,India
2024,other,Italy
2656,male,Germany
2100,female,Germany
2277,female,China
2342,female,Indonesia
2580,female,null
2025,male,Australia
2066,other,Germany
2380,female,Japan
2242,other,South Africa
2301,male,null
2182,female,Germany
2166,other,null
2641,female,Australia
2238,female,Indonesia
2097,female,Pakistan
2515,other,null
2488,female,null
2170,male,Indonesia
2288,male,Italy
2029,male,Australia
2015,male,Russia
2312,male,China
2635,female,Russia
2345,male,Germany
2107,male,China
2577,male,New Zealand
2321,other,Indonesia
2262,other,Russia
2105,female,Indonesia
2050,other,Brazil
2303,other,Australia
1936,female,United Kingdom
2070,female,China
2207,female,Australia
2568,other,New Zealand
2367,female,Italy
2230,female,Germany
1949,female,Brazil
2605,male,India
2034,female,Brazil
2341,male,Russia
2152,female,Australia
2389,female,South Africa
2014,male,China
2227,male,Japan
2454,male,Japan
2167,other,USA
2175,female,United Kingdom
2358,other,South Africa
2158,female,Russia
2452,male,Australia
2375,other,New Zealand
2305,male,USA
1933,female,India
2439,male,Japan
2245,female,Australia
2265,other,New Zealand
2094,male,South Africa
2349,male,Brazil
1930,other,Indonesia
2413,other,Russia
2193,other,India
2493,female,Japan
2373,female,South Africa
2431,female,South Africa
2036,other,Pakistan
2503,male,New Zealand
1974,male,Japan
2426,female,South Africa
2251,male,South Africa
2441,female,Pakistan
2632,female,Australia
2085,male,Australia
2252,other,Indonesia
2263,female,null
2527,female,Indonesia
2089,male,Russia
1950,other,China
2382,male,New Zealand
2080,male,South Africa
2388,male,null
2178,male,USA
2051,male,New Zealand
2565,male,Germany
2548,female,United Kingdom
2082,male,Australia
563,female,Australia
2595,male,United Kingdom
2634,other,Australia
2204,female,Mexico
2168,male,Japan
2541,male,United Kingdom
1924,male,United Kingdom
2442,female,Australia
2481,male,Brazil
2437,male,South Africa
2113,female,USA
1996,male,United Kingdom
428,male,Brazil
2219,female,null
2483,male,Australia
1967,female,Japan
